BSSID, First time seen, Last time seen, channel, Speed, Privacy, Cipher, Authentication, Power, # beacons, # IV, LAN IP, ID-length, ESSID, Key
E6:44:89:D4:FB:40, 2025-04-13 01:41:49, 2025-04-13 02:36:37,6,195, OPN, ,   ,-66,248,0,   0.  0.  0.  0,11, Amity-event, 
2A:23:51:A6:25:AC, 2025-04-13 01:42:03, 2025-04-13 02:36:40,6,195, WPA2, CCMP, PSK,-75,33,0,   0.  0.  0.  0,0, , 
1E:62:00:AE:58:50, 2025-04-13 01:41:49, 2025-04-13 02:36:37,6,130, WPA3 WPA2, CCMP, SAE PSK,-79,31,0,   0.  0.  0.  0,19, Saranshâ€™s iPhone , 
DE:44:89:D4:FB:36, 2025-04-13 02:19:36, 2025-04-13 02:36:40,6,195, OPN, ,   ,-81,17,0,   0.  0.  0.  0,11, Amity-Guest, 
D8:44:89:D5:04:CE, 2025-04-13 01:41:50, 2025-04-13 02:37:02,1,195, OPN, ,   ,-71,684,0,   0.  0.  0.  0,10, Amity-wifi, 
46:AE:30:56:30:2A, 2025-04-13 01:44:00, 2025-04-13 02:36:24,6,195, OPN, ,   ,-74,14,0,   0.  0.  0.  0,11, Amity-Guest, 
D8:44:89:D5:02:DE, 2025-04-13 01:41:55, 2025-04-13 02:36:27,11,195, OPN, ,   ,-74,50,2,  10.  2.121.158,10, Amity-wifi, 
DE:44:89:D5:02:DE, 2025-04-13 01:42:40, 2025-04-13 02:36:27,11,195, OPN, ,   ,-76,36,0,   0.  0.  0.  0,11, Amity-Guest, 
E6:44:89:D4:FB:3A, 2025-04-13 01:41:49, 2025-04-13 02:36:24,6,195, OPN, ,   ,-79,150,0,   0.  0.  0.  0,11, Amity-event, 
4A:AE:30:56:31:70, 2025-04-13 02:24:36, 2025-04-13 02:36:28,6,195, WPA2, CCMP, PSK,-82,7,0,   0.  0.  0.  0,0, , 
46:AE:30:56:31:70, 2025-04-13 02:04:07, 2025-04-13 02:36:28,6,195, OPN, ,   ,-82,9,0,   0.  0.  0.  0,11, Amity-Guest, 
D8:44:89:D4:FA:86, 2025-04-13 02:07:57, 2025-04-13 02:36:29,1,195, OPN, ,   ,-85,23,0,   0.  0.  0.  0,10, Amity-wifi, 
E2:44:89:D4:FA:7C, 2025-04-13 01:41:49, 2025-04-13 02:36:14,6,195, WPA2, CCMP, PSK,-74,191,0,   0.  0.  0.  0,0, , 
4A:AE:30:56:31:8E, 2025-04-13 01:42:24, 2025-04-13 02:36:13,11,195, WPA2, CCMP, PSK,-76,125,0,   0.  0.  0.  0,0, , 
D8:44:89:D4:FB:36, 2025-04-13 02:15:24, 2025-04-13 02:36:17,6,195, OPN, ,   ,-76,12,0,   0.  0.  0.  0,10, Amity-wifi, 
E2:44:89:D4:F9:1E, 2025-04-13 01:41:51, 2025-04-13 02:36:15,1,195, WPA2, CCMP, PSK,-77,188,0,   0.  0.  0.  0,0, , 
D8:44:89:D4:F9:1E, 2025-04-13 01:41:50, 2025-04-13 02:36:15,1,195, OPN, ,   ,-77,189,0,   0.  0.  0.  0,10, Amity-wifi, 
26:23:51:A6:25:A6, 2025-04-13 01:41:56, 2025-04-13 02:36:14,6,195, OPN, ,   ,-79,50,0,   0.  0.  0.  0,11, Amity-Guest, 
E2:44:89:D5:03:F6, 2025-04-13 01:41:50, 2025-04-13 02:36:13,11,195, WPA2, CCMP, PSK,-79,73,0,   0.  0.  0.  0,0, , 
E2:44:89:D5:02:DE, 2025-04-13 01:42:48, 2025-04-13 02:36:03,11,195, WPA2, CCMP, PSK,-77,42,0,   0.  0.  0.  0,0, , 
D8:44:89:D4:FB:3A, 2025-04-13 01:42:57, 2025-04-13 02:36:04,6,195, OPN, ,   ,-78,115,0,   0.  0.  0.  0,10, Amity-wifi, 
26:23:51:A6:25:BA, 2025-04-13 01:42:41, 2025-04-13 02:36:02,1,195, OPN, ,   ,-78,30,0,   0.  0.  0.  0,11, Amity-Guest, 
20:23:51:A6:26:C2, 2025-04-13 01:44:08, 2025-04-13 02:37:04,1,195, OPN, ,   ,-81,28,0,   0.  0.  0.  0,10, Amity-wifi, 
20:23:51:A6:25:A6, 2025-04-13 01:41:49, 2025-04-13 02:35:49,6,195, OPN, ,   ,-81,59,0,   0.  0.  0.  0,10, Amity-wifi, 
20:23:51:A6:25:92, 2025-04-13 01:42:24, 2025-04-13 02:35:39,6,195, OPN, ,   ,-77,3,1,  10.  2.121. 82,10, Amity-wifi, 
E2:44:89:D4:FB:3A, 2025-04-13 01:42:03, 2025-04-13 02:35:39,6,195, WPA2, CCMP, PSK,-79,129,0,   0.  0.  0.  0,0, , 
E6:44:89:D5:04:CC, 2025-04-13 01:43:40, 2025-04-13 02:35:28,1,195, OPN, ,   ,-77,35,0,   0.  0.  0.  0,11, Amity-event, 
2A:23:51:A6:25:BA, 2025-04-13 01:44:08, 2025-04-13 02:35:28,1,195, WPA2, CCMP, PSK,-78,34,0,   0.  0.  0.  0,0, , 
4E:AE:30:56:30:90, 2025-04-13 01:43:47, 2025-04-13 02:37:02,1,195, OPN, ,   ,-81,53,0,   0.  0.  0.  0,11, Amity-event, 
DE:44:89:D4:FB:3A, 2025-04-13 01:42:03, 2025-04-13 02:35:15,6,195, OPN, ,   ,-77,127,0,   0.  0.  0.  0,11, Amity-Guest, 
D8:44:89:D4:FB:D6, 2025-04-13 01:43:38, 2025-04-13 02:35:13,11,195, OPN, ,   ,-80,11,5,  10.  2. 98.104,10, Amity-wifi, 
DE:44:89:D4:FB:D6, 2025-04-13 01:45:31, 2025-04-13 02:34:02,11,195, OPN, ,   ,-74,20,0,   0.  0.  0.  0,11, Amity-Guest, 
20:23:51:A6:2D:3E, 2025-04-13 01:45:32, 2025-04-13 02:33:29,1,195, OPN, ,   ,-79,28,0,   0.  0.  0.  0,10, Amity-wifi, 
2E:23:51:A6:2D:3E, 2025-04-13 02:01:52, 2025-04-13 02:33:26,1,195, OPN, ,   ,-80,28,0,   0.  0.  0.  0,11, Amity-event, 
40:AE:30:56:31:82, 2025-04-13 01:44:58, 2025-04-13 02:32:52,11,195, OPN, ,   ,-74,2,14,  10.  2. 97.168,10, Amity-wifi, 
14:55:B9:5F:BC:B9, 2025-04-13 02:30:49, 2025-04-13 02:32:26,11,360, WPA2, CCMP, PSK,-76,4,0,   0.  0.  0.  0,10, Airtel_Ram, 
40:AE:30:56:31:70, 2025-04-13 01:44:07, 2025-04-13 02:32:27,6,195, OPN, ,   ,-80,13,0,   0.  0.  0.  0,10, Amity-wifi, 
2A:23:51:A6:2D:3E, 2025-04-13 02:06:38, 2025-04-13 02:32:02,1,195, WPA2, CCMP, PSK,-82,33,0,   0.  0.  0.  0,0, , 
26:23:51:A6:2D:3E, 2025-04-13 02:07:00, 2025-04-13 02:31:51,1,195, OPN, ,   ,-74,42,0,   0.  0.  0.  0,11, Amity-Guest, 
20:23:51:A6:2C:26, 2025-04-13 02:30:40, 2025-04-13 02:30:40,11,195, OPN, ,   ,-85,1,0,   0.  0.  0.  0,10, Amity-wifi, 
40:AE:30:56:30:2A, 2025-04-13 01:44:29, 2025-04-13 02:25:01,6,195, OPN, ,   ,-77,6,0,   0.  0.  0.  0,10, Amity-wifi, 
D8:44:89:D4:FB:38, 2025-04-13 01:42:41, 2025-04-13 02:24:16,1,195, OPN, ,   ,-83,16,0,   0.  0.  0.  0,10, Amity-wifi, 
E2:44:89:D4:FB:38, 2025-04-13 02:00:42, 2025-04-13 02:24:05,1,195, WPA2, CCMP, PSK,-84,8,0,   0.  0.  0.  0,0, , 
56:72:39:7C:BA:C7, 2025-04-13 02:08:47, 2025-04-13 02:21:52,6,360, WPA2, CCMP, PSK,-69,4,0,   0.  0.  0.  0,4, LAVA, 
4E:AE:30:56:31:24, 2025-04-13 01:44:07, 2025-04-13 02:21:49,11,195, OPN, ,   ,-81,9,0,   0.  0.  0.  0,11, Amity-event, 
4A:AE:30:56:31:24, 2025-04-13 01:42:24, 2025-04-13 02:21:01,11,195, WPA2, CCMP, PSK,-83,9,0,   0.  0.  0.  0,0, , 
20:23:51:A6:2B:78, 2025-04-13 01:42:17, 2025-04-13 02:20:46,6,-1, , ,   ,-1,0,0,   0.  0.  0.  0,0, , 
DE:44:89:D5:03:5C, 2025-04-13 02:16:41, 2025-04-13 02:20:47,6,195, OPN, ,   ,-81,0,0,   0.  0.  0.  0,11, Amity-Guest, 
D8:44:89:D5:03:5C, 2025-04-13 02:18:48, 2025-04-13 02:18:48,6,195, OPN, ,   ,-81,1,0,   0.  0.  0.  0,10, Amity-wifi, 
46:AE:30:56:30:9C, 2025-04-13 02:10:04, 2025-04-13 02:14:11,6,195, OPN, ,   ,-76,3,0,   0.  0.  0.  0,11, Amity-Guest, 
40:AE:30:56:30:9C, 2025-04-13 02:00:12, 2025-04-13 02:14:11,6,195, OPN, ,   ,-83,3,0,   0.  0.  0.  0,10, Amity-wifi, 
4E:8F:0E:AB:38:DC, 2025-04-13 02:05:48, 2025-04-13 02:05:48,11,360, WPA2, CCMP, PSK,-71,1,0,   0.  0.  0.  0,20, Redmi Note 12 Pro 5G, 
26:23:51:A6:25:72, 2025-04-13 02:02:47, 2025-04-13 02:02:47,11,195, OPN, ,   ,-81,1,0,   0.  0.  0.  0,11, Amity-Guest, 
8E:07:A6:E1:E4:50, 2025-04-13 01:47:01, 2025-04-13 01:54:09,1,180, WPA2, CCMP, PSK,-76,6,1,   0.  0.  0.  0,7, iQOO Z6, 
2E:23:51:A6:25:92, 2025-04-13 01:49:45, 2025-04-13 01:49:45,6,195, OPN, ,   ,-77,1,0,   0.  0.  0.  0,11, Amity-event, 
E6:44:89:D5:03:5C, 2025-04-13 01:44:49, 2025-04-13 01:45:18,6,195, OPN, ,   ,-79,2,0,   0.  0.  0.  0,11, Amity-event, 
00:00:FF:FF:FF:FF, 2025-04-13 01:44:58, 2025-04-13 01:44:58,-1,-1, , ,   ,-1,0,0,   0.  0.  0.  0,0, , 
EA:FA:C4:6B:9B:16, 2025-04-13 01:42:56, 2025-04-13 01:42:56,11,360, OPN, ,   ,-73,1,0,   0.  0.  0.  0,11, Amity-Guest, 
2E:23:51:A6:2E:90, 2025-04-13 01:44:15, 2025-04-13 01:44:15,1,195, OPN, ,   ,-83,1,0,   0.  0.  0.  0,11, Amity-event, 
26:23:51:A6:2E:90, 2025-04-13 01:44:23, 2025-04-13 01:44:23,1,195, OPN, ,   ,-87,1,0,   0.  0.  0.  0,11, Amity-Guest, 
D8:44:89:D5:04:BE, 2025-04-13 01:44:23, 2025-04-13 01:44:23,1,195, OPN, ,   ,-83,1,0,   0.  0.  0.  0,10, Amity-wifi, 
2E:23:51:A6:25:72, 2025-04-13 01:50:26, 2025-04-13 01:50:26,11,195, OPN, ,   ,-85,1,0,   0.  0.  0.  0,11, Amity-event, 
D8:44:89:D4:F8:FE, 2025-04-13 01:52:35, 2025-04-13 01:52:35,1,195, OPN, ,   ,-81,1,0,   0.  0.  0.  0,10, Amity-wifi, 
D8:44:89:D4:FB:50, 2025-04-13 02:02:18, 2025-04-13 02:02:18,6,195, OPN, ,   ,-79,0,0,   0.  0.  0.  0,10, Amity-wifi, 
00:00:00:40:BF:0C, 2025-04-13 02:04:06, 2025-04-13 02:04:06,-1,-1, , ,   ,-1,0,0,   0.  0.  0.  0,0, , 
E4:FA:C4:6B:9B:16, 2025-04-13 02:11:29, 2025-04-13 02:11:29,2,-1, OPN, ,   ,-85,0,1,   0.  0.  0.  0,0, , 
4E:AE:30:56:30:9C, 2025-04-13 02:04:44, 2025-04-13 02:11:31,6,195, OPN, ,   ,-81,2,0,   0.  0.  0.  0,11, Amity-event, 
DE:44:89:D4:FB:38, 2025-04-13 01:58:02, 2025-04-13 02:12:53,1,195, OPN, ,   ,-78,5,0,   0.  0.  0.  0,11, Amity-Guest, 
46:AE:30:56:31:24, 2025-04-13 01:45:57, 2025-04-13 02:13:08,11,195, OPN, ,   ,-81,9,0,   0.  0.  0.  0,11, Amity-Guest, 
DE:44:89:D4:FB:50, 2025-04-13 02:14:55, 2025-04-13 02:14:55,6,195, OPN, ,   ,-77,1,0,   0.  0.  0.  0,11, Amity-Guest, 
E2:44:89:D4:FB:D6, 2025-04-13 01:45:31, 2025-04-13 02:18:19,11,195, WPA2, CCMP, PSK,-83,20,0,   0.  0.  0.  0,0, , 
66:35:F4:91:2D:B1, 2025-04-13 01:44:01, 2025-04-13 02:23:11,1,360, WPA2, CCMP, PSK,-80,14,1,   0.  0.  0.  0,18, Galaxy S23 FE 825F, 
4E:AE:30:56:30:2A, 2025-04-13 01:44:43, 2025-04-13 02:26:22,6,195, OPN, ,   ,-79,12,0,   0.  0.  0.  0,11, Amity-event, 
E2:44:89:D4:FB:50, 2025-04-13 02:26:41, 2025-04-13 02:27:43,6,195, WPA2, CCMP, PSK,-79,2,0,   0.  0.  0.  0,0, , 
2E:23:51:A6:25:BA, 2025-04-13 01:42:04, 2025-04-13 02:28:56,1,195, OPN, ,   ,-78,39,0,   0.  0.  0.  0,11, Amity-event, 
20:23:51:A6:25:AC, 2025-04-13 01:45:12, 2025-04-13 02:30:10,6,195, OPN, ,   ,-79,41,0,   0.  0.  0.  0,10, Amity-wifi, 
E2:44:89:D4:FA:B4, 2025-04-13 02:08:14, 2025-04-13 02:30:10,11,195, WPA2, CCMP, PSK,-76,32,0,   0.  0.  0.  0,0, , 
DE:44:89:D4:FA:86, 2025-04-13 02:06:56, 2025-04-13 02:30:58,1,195, OPN, ,   ,-83,25,0,   0.  0.  0.  0,11, Amity-Guest, 
E6:44:89:D4:FB:D6, 2025-04-13 01:45:31, 2025-04-13 02:30:57,11,195, OPN, ,   ,-80,16,0,   0.  0.  0.  0,11, Amity-event, 
E6:44:89:D4:FB:38, 2025-04-13 02:01:12, 2025-04-13 02:31:58,1,195, OPN, ,   ,-80,13,0,   0.  0.  0.  0,11, Amity-event, 
26:23:51:A6:25:92, 2025-04-13 01:42:40, 2025-04-13 02:32:18,6,195, OPN, ,   ,-70,4,0,   0.  0.  0.  0,11, Amity-Guest, 
2E:23:51:A6:26:C2, 2025-04-13 01:45:59, 2025-04-13 02:32:31,1,195, OPN, ,   ,-76,28,0,   0.  0.  0.  0,11, Amity-event, 
2A:23:51:A6:25:92, 2025-04-13 01:43:46, 2025-04-13 02:32:46,6,195, WPA2, CCMP, PSK,-76,7,0,   0.  0.  0.  0,0, , 
DE:44:89:D4:FA:B4, 2025-04-13 01:47:20, 2025-04-13 02:33:23,11,195, OPN, ,   ,-79,22,0,   0.  0.  0.  0,11, Amity-Guest, 
E6:44:89:D4:F9:14, 2025-04-13 02:33:56, 2025-04-13 02:33:56,1,195, OPN, ,   ,-81,1,0,   0.  0.  0.  0,11, Amity-event, 
4E:AE:30:56:31:70, 2025-04-13 02:08:06, 2025-04-13 02:34:23,6,195, OPN, ,   ,-81,16,0,   0.  0.  0.  0,11, Amity-event, 
D8:44:89:D4:FB:40, 2025-04-13 01:42:32, 2025-04-13 02:34:58,6,195, OPN, ,   ,-80,254,0,   0.  0.  0.  0,10, Amity-wifi, 
E2:44:89:D4:FB:40, 2025-04-13 01:42:40, 2025-04-13 02:34:58,6,195, WPA2, CCMP, PSK,-77,214,0,   0.  0.  0.  0,0, , 
E6:44:89:D4:FB:06, 2025-04-13 01:41:49, 2025-04-13 02:35:08,6,195, OPN, ,   ,-77,232,0,   0.  0.  0.  0,11, Amity-event, 
4A:AE:30:56:30:90, 2025-04-13 01:41:50, 2025-04-13 02:35:32,1,195, WPA2, CCMP, PSK,-78,58,0,   0.  0.  0.  0,0, , 
2A:23:51:A6:25:A6, 2025-04-13 01:41:49, 2025-04-13 02:35:32,6,195, WPA2, CCMP, PSK,-78,58,0,   0.  0.  0.  0,0, , 
46:AE:30:56:31:96, 2025-04-13 01:43:13, 2025-04-13 02:35:30,11,195, OPN, ,   ,-75,31,0,   0.  0.  0.  0,11, Amity-Guest, 
DE:44:89:D4:FB:40, 2025-04-13 01:41:43, 2025-04-13 02:37:02,6,195, OPN, ,   ,-74,240,0,   0.  0.  0.  0,11, Amity-Guest, 
E6:44:89:D4:FA:86, 2025-04-13 02:09:25, 2025-04-13 02:35:33,1,195, OPN, ,   ,-74,15,0,   0.  0.  0.  0,11, Amity-event, 
E2:44:89:D4:FB:06, 2025-04-13 01:42:10, 2025-04-13 02:35:31,6,195, WPA2, CCMP, PSK,-66,203,0,   0.  0.  0.  0,0, , 
EA:FA:C4:6B:96:EA, 2025-04-13 01:50:40, 2025-04-13 02:35:44,11,-1, OPN, ,   ,-85,0,4,   0.  0.  0.  0,0, , 
E2:44:89:D4:FA:86, 2025-04-13 02:01:12, 2025-04-13 02:35:47,1,195, WPA2, CCMP, PSK,-83,37,0,   0.  0.  0.  0,0, , 
DE:44:89:D4:F9:1E, 2025-04-13 01:42:18, 2025-04-13 02:35:47,1,195, OPN, ,   ,-78,224,0,   0.  0.  0.  0,11, Amity-Guest, 
4E:AE:30:56:31:96, 2025-04-13 01:46:33, 2025-04-13 02:35:44,11,195, OPN, ,   ,-75,42,0,   0.  0.  0.  0,11, Amity-event, 
2A:23:51:A6:26:C2, 2025-04-13 02:09:01, 2025-04-13 02:35:46,1,195, WPA2, CCMP, PSK,-74,32,0,   0.  0.  0.  0,0, , 
D8:44:89:D4:FB:06, 2025-04-13 01:41:56, 2025-04-13 02:35:42,6,195, OPN, ,   ,-70,240,0,   0.  0.  0.  0,10, Amity-wifi, 
4A:AE:30:56:30:9C, 2025-04-13 02:09:40, 2025-04-13 02:35:57,6,195, WPA2, CCMP, PSK,-82,4,0,   0.  0.  0.  0,0, , 
DE:44:89:D4:FA:7C, 2025-04-13 01:42:10, 2025-04-13 02:36:10,6,195, OPN, ,   ,-77,206,0,   0.  0.  0.  0,11, Amity-Guest, 
20:23:51:A6:25:BA, 2025-04-13 01:41:51, 2025-04-13 02:36:18,1,195, OPN, ,   ,-76,47,21,  10.  2. 99.163,10, Amity-wifi, 
E2:44:89:D5:03:5C, 2025-04-13 02:05:19, 2025-04-13 02:36:32,6,195, WPA2, CCMP, PSK,-83,2,0,   0.  0.  0.  0,0, , 
E6:44:89:D4:FB:36, 2025-04-13 02:25:33, 2025-04-13 02:36:30,6,195, OPN, ,   ,-78,18,0,   0.  0.  0.  0,11, Amity-event, 
4A:AE:30:56:30:2A, 2025-04-13 01:43:05, 2025-04-13 02:36:30,6,195, WPA2, CCMP, PSK,-77,13,0,   0.  0.  0.  0,0, , 
DE:44:89:D5:04:CC, 2025-04-13 01:44:23, 2025-04-13 02:37:04,1,195, OPN, ,   ,-81,31,0,   0.  0.  0.  0,11, Amity-Guest, 
E6:44:89:D5:02:DE, 2025-04-13 01:42:48, 2025-04-13 02:36:31,11,195, OPN, ,   ,-74,50,0,   0.  0.  0.  0,11, Amity-event, 
40:AE:30:56:31:24, 2025-04-13 01:42:09, 2025-04-13 02:36:59,11,195, OPN, ,   ,-85,9,116,  10.  2.117. 54,10, Amity-wifi, 
46:AE:30:56:31:2C, 2025-04-13 01:41:43, 2025-04-13 02:37:04,1,195, OPN, ,   ,-71,846,0,   0.  0.  0.  0,11, Amity-Guest, 
E6:44:89:D4:FA:7E, 2025-04-13 01:41:50, 2025-04-13 02:37:02,1,195, OPN, ,   ,-70,242,0,   0.  0.  0.  0,11, Amity-event, 
E2:44:89:D4:FB:36, 2025-04-13 02:15:18, 2025-04-13 02:36:52,6,195, WPA2, CCMP, PSK,-83,17,0,   0.  0.  0.  0,0, , 
2E:23:51:A6:25:AC, 2025-04-13 01:43:53, 2025-04-13 02:36:58,6,195, OPN, ,   ,-81,33,0,   0.  0.  0.  0,11, Amity-event, 
D8:44:89:D5:04:CC, 2025-04-13 01:41:44, 2025-04-13 02:37:04,1,195, OPN, ,   ,-78,44,0,   0.  0.  0.  0,10, Amity-wifi, 
E6:44:89:D4:F9:1E, 2025-04-13 01:41:50, 2025-04-13 02:36:45,1,195, OPN, ,   ,-80,224,0,   0.  0.  0.  0,11, Amity-event, 
E2:44:89:D4:FA:7E, 2025-04-13 01:41:50, 2025-04-13 02:37:00,1,195, WPA2, CCMP, PSK,-79,221,0,   0.  0.  0.  0,0, , 
E6:44:89:D4:FA:B4, 2025-04-13 01:46:26, 2025-04-13 02:37:01,11,195, OPN, ,   ,-79,26,0,   0.  0.  0.  0,11, Amity-event, 
26:23:51:A6:25:AC, 2025-04-13 01:42:25, 2025-04-13 02:36:52,6,195, OPN, ,   ,-79,49,0,   0.  0.  0.  0,11, Amity-Guest, 
26:23:51:A6:26:C2, 2025-04-13 01:44:23, 2025-04-13 02:36:45,1,195, OPN, ,   ,-79,18,0,   0.  0.  0.  0,11, Amity-Guest, 
E2:44:89:D5:04:CC, 2025-04-13 01:43:06, 2025-04-13 02:36:45,1,195, WPA2, CCMP, PSK,-79,32,0,   0.  0.  0.  0,0, , 
40:AE:30:56:31:50, 2025-04-13 01:52:05, 2025-04-13 02:37:02,6,195, OPN, ,   ,-76,108,0,   0.  0.  0.  0,10, Amity-wifi, 
46:AE:30:56:31:50, 2025-04-13 01:43:05, 2025-04-13 02:37:02,6,195, OPN, ,   ,-74,105,0,   0.  0.  0.  0,11, Amity-Guest, 
40:AE:30:56:30:90, 2025-04-13 01:42:42, 2025-04-13 02:36:59,1,195, OPN, ,   ,-78,70,8,  10.  2. 97.104,10, Amity-wifi, 
46:AE:30:56:30:90, 2025-04-13 01:43:54, 2025-04-13 02:37:02,1,195, OPN, ,   ,-79,56,0,   0.  0.  0.  0,11, Amity-Guest, 
2E:23:51:A6:25:A6, 2025-04-13 01:41:43, 2025-04-13 02:37:00,6,195, OPN, ,   ,-77,53,0,   0.  0.  0.  0,11, Amity-event, 
4A:AE:30:56:31:50, 2025-04-13 01:57:48, 2025-04-13 02:37:00,6,195, WPA2, CCMP, PSK,-77,103,0,   0.  0.  0.  0,0, , 
E2:44:89:D4:FB:0C, 2025-04-13 02:36:46, 2025-04-13 02:36:46,6,195, WPA2, CCMP, PSK,-77,1,0,   0.  0.  0.  0,0, , 
40:AE:30:56:31:96, 2025-04-13 01:42:01, 2025-04-13 02:36:59,11,195, OPN, ,   ,-77,50,1013,  10.  2. 97.104,10, Amity-wifi, 
4A:AE:30:56:31:96, 2025-04-13 01:55:00, 2025-04-13 02:36:51,11,195, WPA2, CCMP, PSK,-76,43,0,   0.  0.  0.  0,0, , 
46:AE:30:56:31:8E, 2025-04-13 01:41:55, 2025-04-13 02:36:45,11,195, OPN, ,   ,-76,118,0,   0.  0.  0.  0,11, Amity-Guest, 
02:12:36:B9:75:4F, 2025-04-13 01:42:04, 2025-04-13 02:37:04,1,65, WPA2, CCMP, PSK,-76,6,0,   0.  0.  0.  0,15, Galaxy A50s754F, 
E6:44:89:D5:03:F6, 2025-04-13 01:42:40, 2025-04-13 02:36:45,11,195, OPN, ,   ,-75,89,0,   0.  0.  0.  0,11, Amity-event, 
E6:44:89:D5:03:EC, 2025-04-13 01:41:50, 2025-04-13 02:36:51,11,195, OPN, ,   ,-75,155,0,   0.  0.  0.  0,11, Amity-event, 
D8:44:89:D4:FA:B4, 2025-04-13 01:46:26, 2025-04-13 02:36:42,11,195, OPN, ,   ,-75,25,0,   0.  0.  0.  0,10, Amity-wifi, 
D8:44:89:D4:FA:7C, 2025-04-13 01:41:49, 2025-04-13 02:36:52,6,195, OPN, ,   ,-75,208,0,   0.  0.  0.  0,10, Amity-wifi, 
4E:AE:30:56:31:8E, 2025-04-13 01:41:50, 2025-04-13 02:36:51,11,195, OPN, ,   ,-75,150,0,   0.  0.  0.  0,11, Amity-event, 
40:AE:30:56:31:8E, 2025-04-13 01:42:40, 2025-04-13 02:36:56,11,195, OPN, ,   ,-74,129,73,  10.  2. 98.178,10, Amity-wifi, 
DE:44:89:D5:03:EC, 2025-04-13 01:42:02, 2025-04-13 02:36:59,11,195, OPN, ,   ,-74,181,0,   0.  0.  0.  0,11, Amity-Guest, 
E6:44:89:D4:FA:7C, 2025-04-13 01:41:49, 2025-04-13 02:37:02,6,195, OPN, ,   ,-79,207,0,   0.  0.  0.  0,11, Amity-event, 
2E:23:51:A6:25:CC, 2025-04-13 01:42:48, 2025-04-13 02:36:42,6,195, OPN, ,   ,-74,115,0,   0.  0.  0.  0,11, Amity-event, 
D8:44:89:D4:FA:7E, 2025-04-13 01:41:44, 2025-04-13 02:36:59,1,195, OPN, ,   ,-73,271,0,   0.  0.  0.  0,10, Amity-wifi, 
D8:44:89:D5:03:EC, 2025-04-13 01:42:24, 2025-04-13 02:36:51,11,195, OPN, ,   ,-73,183,0,   0.  0.  0.  0,10, Amity-wifi, 
26:23:51:A6:2D:1A, 2025-04-13 01:41:43, 2025-04-13 02:37:02,1,195, OPN, ,   ,-73,935,0,   0.  0.  0.  0,11, Amity-Guest, 
20:23:51:A6:25:CC, 2025-04-13 01:42:48, 2025-04-13 02:37:02,6,195, OPN, ,   ,-72,109,1,  10.  2. 97.192,10, Amity-wifi, 
2A:23:51:A6:2D:1A, 2025-04-13 01:41:44, 2025-04-13 02:37:04,1,195, WPA2, CCMP, PSK,-73,937,0,   0.  0.  0.  0,0, , 
4E:AE:30:56:31:50, 2025-04-13 01:57:05, 2025-04-13 02:36:58,6,195, OPN, ,   ,-72,96,0,   0.  0.  0.  0,11, Amity-event, 
D8:44:89:D5:03:F6, 2025-04-13 01:41:49, 2025-04-13 02:37:01,11,195, OPN, ,   ,-72,74,1366,  10.  2.115.164,10, Amity-wifi, 
DE:44:89:D4:FA:7E, 2025-04-13 01:41:44, 2025-04-13 02:37:04,1,195, OPN, ,   ,-79,292,0,   0.  0.  0.  0,11, Amity-Guest, 
DE:44:89:D5:03:F6, 2025-04-13 01:42:09, 2025-04-13 02:36:45,11,195, OPN, ,   ,-72,89,0,   0.  0.  0.  0,11, Amity-Guest, 
E6:44:89:D5:04:CE, 2025-04-13 01:41:57, 2025-04-13 02:37:04,1,195, OPN, ,   ,-66,737,0,   0.  0.  0.  0,11, Amity-event, 
2E:23:51:A6:2D:1A, 2025-04-13 01:41:43, 2025-04-13 02:37:04,1,195, OPN, ,   ,-71,969,0,   0.  0.  0.  0,11, Amity-event, 
2E:23:51:A6:25:84, 2025-04-13 01:41:49, 2025-04-13 02:36:43,6,195, OPN, ,   ,-71,381,0,   0.  0.  0.  0,11, Amity-event, 
2A:23:51:A6:25:CC, 2025-04-13 01:41:49, 2025-04-13 02:36:42,6,195, WPA2, CCMP, PSK,-71,122,0,   0.  0.  0.  0,0, , 
4A:AE:30:56:31:2C, 2025-04-13 01:41:43, 2025-04-13 02:37:00,1,195, WPA2, CCMP, PSK,-71,851,0,   0.  0.  0.  0,0, , 
40:AE:30:56:31:2C, 2025-04-13 01:41:44, 2025-04-13 02:37:02,1,195, OPN, ,   ,-69,808,0,   0.  0.  0.  0,10, Amity-wifi, 
20:23:51:A6:2D:1A, 2025-04-13 01:41:43, 2025-04-13 02:37:04,1,195, OPN, ,   ,-71,959,0,   0.  0.  0.  0,10, Amity-wifi, 
E2:44:89:D5:04:CE, 2025-04-13 01:41:50, 2025-04-13 02:37:03,1,195, WPA2, CCMP, PSK,-74,777,0,   0.  0.  0.  0,0, , 
2A:23:51:A6:25:84, 2025-04-13 01:42:03, 2025-04-13 02:36:43,6,195, WPA2, CCMP, PSK,-70,359,0,   0.  0.  0.  0,0, , 
DE:44:89:D5:04:CE, 2025-04-13 01:41:43, 2025-04-13 02:37:00,1,195, OPN, ,   ,-70,753,23,  10.  2.137.254,11, Amity-Guest, 
4E:AE:30:56:31:2C, 2025-04-13 01:41:50, 2025-04-13 02:37:02,1,195, OPN, ,   ,-60,865,0,   0.  0.  0.  0,11, Amity-event, 
DE:44:89:D4:FB:06, 2025-04-13 01:43:39, 2025-04-13 02:36:43,6,195, OPN, ,   ,-68,244,0,   0.  0.  0.  0,11, Amity-Guest, 
D8:44:89:D4:FC:0C, 2025-04-13 01:41:49, 2025-04-13 02:37:01,11,195, OPN, ,   ,-67,476,8859,  10.  2.100.141,10, Amity-wifi, 
DE:44:89:D4:FC:0C, 2025-04-13 01:41:49, 2025-04-13 02:36:59,11,195, OPN, ,   ,-67,483,0,   0.  0.  0.  0,11, Amity-Guest, 
E2:44:89:D4:FC:0C, 2025-04-13 01:42:24, 2025-04-13 02:36:58,11,195, WPA2, CCMP, PSK,-66,430,0,   0.  0.  0.  0,0, , 
E6:44:89:D4:FC:0C, 2025-04-13 01:41:55, 2025-04-13 02:37:01,11,195, OPN, ,   ,-66,454,0,   0.  0.  0.  0,11, Amity-event, 
26:23:51:A6:25:84, 2025-04-13 01:41:49, 2025-04-13 02:36:52,6,195, OPN, ,   ,-66,339,0,   0.  0.  0.  0,11, Amity-Guest, 
2E:23:51:A6:2A:10, 2025-04-13 01:41:56, 2025-04-13 02:37:00,6,195, OPN, ,   ,-65,426,0,   0.  0.  0.  0,11, Amity-event, 
E2:44:89:D5:03:EC, 2025-04-13 01:42:40, 2025-04-13 02:36:51,11,195, WPA2, CCMP, PSK,-64,168,0,   0.  0.  0.  0,0, , 
2A:23:51:A6:2A:10, 2025-04-13 01:41:43, 2025-04-13 02:37:02,6,195, WPA2, CCMP, PSK,-56,407,0,   0.  0.  0.  0,0, , 
D8:44:89:D4:FA:6C, 2025-04-13 01:41:43, 2025-04-13 02:37:02,6,195, OPN, ,   ,-65,1085,5895,  10.  2.127.254,10, Amity-wifi, 
E6:44:89:D4:FA:6C, 2025-04-13 01:41:45, 2025-04-13 02:37:02,6,195, OPN, ,   ,-62,1086,0,   0.  0.  0.  0,11, Amity-event, 
20:23:51:A6:2A:10, 2025-04-13 01:41:51, 2025-04-13 02:37:00,6,195, OPN, ,   ,-62,425,0,   0.  0.  0.  0,10, Amity-wifi, 
26:23:51:A6:2A:10, 2025-04-13 01:41:43, 2025-04-13 02:37:02,6,195, OPN, ,   ,-63,429,0,   0.  0.  0.  0,11, Amity-Guest, 
E2:44:89:D4:FA:6C, 2025-04-13 01:41:43, 2025-04-13 02:37:02,6,195, WPA2, CCMP, PSK,-62,1087,0,   0.  0.  0.  0,0, , 
20:23:51:A6:25:84, 2025-04-13 01:41:49, 2025-04-13 02:36:43,6,195, OPN, ,   ,-62,367,0,   0.  0.  0.  0,10, Amity-wifi, 
26:23:51:A6:25:CC, 2025-04-13 01:42:18, 2025-04-13 02:36:43,6,195, OPN, ,   ,-62,150,0,   0.  0.  0.  0,11, Amity-Guest, 
DE:44:89:D4:FA:6C, 2025-04-13 01:41:43, 2025-04-13 02:37:02,6,195, OPN, ,   ,-62,1064,0,   0.  0.  0.  0,11, Amity-Guest, 
D8:44:89:D4:FB:34, 2025-04-13 01:41:43, 2025-04-13 02:37:04,1,195, OPN, ,   ,-59,1219,0,   0.  0.  0.  0,10, Amity-wifi, 
D8:44:89:D4:F5:B2, 2025-04-13 01:41:55, 2025-04-13 02:37:01,11,195, OPN, ,   ,-60,944,0,   0.  0.  0.  0,10, Amity-wifi, 
DE:44:89:D4:FB:34, 2025-04-13 01:41:43, 2025-04-13 02:37:04,1,195, OPN, ,   ,-59,1148,0,   0.  0.  0.  0,11, Amity-Guest, 
E2:44:89:D4:FB:34, 2025-04-13 01:41:43, 2025-04-13 02:37:04,1,195, WPA2, CCMP, PSK,-58,1175,0,   0.  0.  0.  0,0, , 
DE:44:89:D4:F5:B2, 2025-04-13 01:41:55, 2025-04-13 02:37:01,11,195, OPN, ,   ,-59,1025,0,   0.  0.  0.  0,11, Amity-Guest, 
E6:44:89:D4:F5:B2, 2025-04-13 01:41:48, 2025-04-13 02:36:58,11,195, OPN, ,   ,-59,918,0,   0.  0.  0.  0,11, Amity-event, 
E6:44:89:D4:FB:34, 2025-04-13 01:41:43, 2025-04-13 02:37:02,1,195, OPN, ,   ,-59,1192,0,   0.  0.  0.  0,11, Amity-event, 
D8:44:89:D4:FA:8E, 2025-04-13 01:41:49, 2025-04-13 02:37:01,11,195, OPN, ,   ,-54,1554,0,   0.  0.  0.  0,10, Amity-wifi, 
E6:44:89:D4:FA:8E, 2025-04-13 01:41:49, 2025-04-13 02:37:04,11,195, OPN, ,   ,-53,1665,0,   0.  0.  0.  0,11, Amity-event, 
DE:44:89:D4:FA:8E, 2025-04-13 01:41:49, 2025-04-13 02:37:04,11,195, OPN, ,   ,-53,1534,0,   0.  0.  0.  0,11, Amity-Guest, 
E2:44:89:D4:FA:8E, 2025-04-13 01:41:56, 2025-04-13 02:37:01,11,195, WPA2, CCMP, PSK,-52,1508,0,   0.  0.  0.  0,0, , 
20:23:51:A6:2B:E8, 2025-04-13 01:41:43, 2025-04-13 02:37:02,6,195, OPN, ,   ,-48,1794,1328,  10.  2.106. 17,10, Amity-wifi, 
26:23:51:A6:2B:E8, 2025-04-13 01:41:43, 2025-04-13 02:37:02,6,195, OPN, ,   ,-36,1795,0,   0.  0.  0.  0,11, Amity-Guest, 
2A:23:51:A6:2B:E8, 2025-04-13 01:41:44, 2025-04-13 02:37:00,6,195, WPA2, CCMP, PSK,-47,1742,0,   0.  0.  0.  0,0, , 
E2:44:89:D4:F5:B2, 2025-04-13 01:41:55, 2025-04-13 02:36:59,11,195, WPA2, CCMP, PSK,-44,950,0,   0.  0.  0.  0,0, , 
2E:23:51:A6:2B:E8, 2025-04-13 01:41:43, 2025-04-13 02:37:02,6,195, OPN, ,   ,-59,1768,0,   0.  0.  0.  0,11, Amity-event, 
,,,,,,,,,,,,,,
Station MAC, First time seen, Last time seen, Power, # packets, BSSID, Probed ESSIDs,,,,,,,,
44:8C:00:45:92:79, 2025-04-13 01:42:40, 2025-04-13 02:35:44,-80,101, 40:AE:30:56:31:8E,,,,,,,,,
C4:3D:1A:9D:52:E2, 2025-04-13 01:46:13, 2025-04-13 02:35:33,-22,626, D8:44:89:D4:FA:6C,Amity-wifi,,,,,,,,
DC:B7:2E:C5:19:D8, 2025-04-13 01:42:24, 2025-04-13 02:35:33,-76,31, 40:AE:30:56:30:90,,,,,,,,,
0A:E8:45:95:28:29, 2025-04-13 02:35:01, 2025-04-13 02:35:01,-78,2, (not associated) ,,,,,,,,,
6E:D0:4A:4A:53:72, 2025-04-13 02:30:43, 2025-04-13 02:34:45,-82,2, (not associated) ,iQOO Z7 Pro 5G,,,,,,,,
4E:AD:DB:04:A6:21, 2025-04-13 02:34:49, 2025-04-13 02:34:49,-84,1, (not associated) ,,,,,,,,,
44:16:FA:E5:98:96, 2025-04-13 02:34:32, 2025-04-13 02:34:32,-76,2, (not associated) ,,,,,,,,,
52:E4:BC:22:BE:2B, 2025-04-13 02:25:34, 2025-04-13 02:34:08,-68,5, (not associated) ,iQOO Z7 Pro 5G,,,,,,,,
1A:06:6D:AE:C2:04, 2025-04-13 02:33:56, 2025-04-13 02:33:56,-78,1, (not associated) ,,,,,,,,,
20:CD:6E:7E:3D:67, 2025-04-13 02:14:24, 2025-04-13 02:33:24,-76,17, (not associated) ,,,,,,,,,
DC:B7:2E:7A:46:AC, 2025-04-13 02:18:39, 2025-04-13 02:33:08,-86,2, D8:44:89:D5:03:F6,Amity-wifi,,,,,,,,
1E:43:CD:8B:F7:11, 2025-04-13 02:33:01, 2025-04-13 02:33:01,-72,1, (not associated) ,,,,,,,,,
8A:F5:C7:57:F1:F4, 2025-04-13 02:33:01, 2025-04-13 02:33:01,-76,1, (not associated) ,,,,,,,,,
6A:93:80:64:D9:83, 2025-04-13 01:41:54, 2025-04-13 02:31:47,-62,26, (not associated) ,,,,,,,,,
32:74:50:7C:85:BE, 2025-04-13 02:09:20, 2025-04-13 02:31:00,-80,2, (not associated) ,,,,,,,,,
12:D1:A5:D5:F5:86, 2025-04-13 02:29:01, 2025-04-13 02:29:01,-76,1, (not associated) ,,,,,,,,,
28:C5:D2:4E:BD:E9, 2025-04-13 01:49:15, 2025-04-13 02:28:20,-74,2, (not associated) ,Amity-wifi,,,,,,,,
B0:C2:C7:49:3E:36, 2025-04-13 02:23:51, 2025-04-13 02:27:59,-72,3, (not associated) ,Amity-wifi,,,,,,,,
08:25:25:B2:CE:5C, 2025-04-13 02:27:57, 2025-04-13 02:27:57,-80,1, (not associated) ,,,,,,,,,
4E:72:A8:5F:1C:3F, 2025-04-13 02:27:44, 2025-04-13 02:27:44,-74,2, (not associated) ,,,,,,,,,
AE:31:26:5D:3E:9C, 2025-04-13 02:26:10, 2025-04-13 02:26:10,-78,1, (not associated) ,,,,,,,,,
D6:77:22:36:C2:CA, 2025-04-13 02:24:57, 2025-04-13 02:24:57,-80,2, (not associated) ,,,,,,,,,
80:A5:89:6A:2D:7B, 2025-04-13 01:42:41, 2025-04-13 02:23:12,-82,4, D8:44:89:D4:FB:38,,,,,,,,,
F8:FE:5E:E6:87:50, 2025-04-13 01:54:56, 2025-04-13 02:23:11,-84,3, 66:35:F4:91:2D:B1,,,,,,,,,
E0:0A:F6:91:86:69, 2025-04-13 02:22:34, 2025-04-13 02:22:34,-80,2, (not associated) ,,,,,,,,,
92:6F:05:77:16:B9, 2025-04-13 02:21:09, 2025-04-13 02:21:09,-78,1, (not associated) ,,,,,,,,,
D2:0F:2D:A6:B7:9B, 2025-04-13 02:20:43, 2025-04-13 02:20:46,-70,5, 20:23:51:A6:2B:78,,,,,,,,,
3E:4D:81:0E:FD:CC, 2025-04-13 02:19:18, 2025-04-13 02:19:18,-42,1, (not associated) ,,,,,,,,,
D8:80:83:3F:98:C3, 2025-04-13 01:47:27, 2025-04-13 02:18:33,-48,30, (not associated) ,Amity-wifi,,,,,,,,
8E:13:DE:2F:26:11, 2025-04-13 02:15:18, 2025-04-13 02:15:18,-34,2, (not associated) ,,,,,,,,,
98:AF:65:AD:CB:EF, 2025-04-13 02:13:30, 2025-04-13 02:13:30,-76,1, (not associated) ,,,,,,,,,
8A:1A:7C:DE:B5:76, 2025-04-13 02:13:17, 2025-04-13 02:13:18,-38,4, (not associated) ,,,,,,,,,
12:B2:93:52:D5:4B, 2025-04-13 02:13:07, 2025-04-13 02:13:07,-78,1, (not associated) ,,,,,,,,,
D2:57:D4:3A:AD:55, 2025-04-13 02:12:42, 2025-04-13 02:12:42,-56,1, (not associated) ,,,,,,,,,
82:92:B4:F8:79:16, 2025-04-13 02:12:34, 2025-04-13 02:12:34,-62,1, (not associated) ,,,,,,,,,
3C:19:5E:5E:B4:00, 2025-04-13 02:04:01, 2025-04-13 02:10:43,-84,2, 40:AE:30:56:31:24,,,,,,,,,
F2:D1:C1:25:1C:7B, 2025-04-13 02:07:44, 2025-04-13 02:07:44,-74,1, (not associated) ,,,,,,,,,
E6:AD:F6:F3:42:81, 2025-04-13 02:07:17, 2025-04-13 02:07:17,-76,3, (not associated) ,,,,,,,,,
52:88:8B:1C:97:C4, 2025-04-13 02:06:07, 2025-04-13 02:06:07,-84,1, (not associated) ,,,,,,,,,
7C:B2:7D:9C:01:D5, 2025-04-13 01:44:38, 2025-04-13 02:04:54,-84,2, (not associated) ,Amity-wifi,,,,,,,,
7E:31:24:DC:E9:C5, 2025-04-13 02:04:21, 2025-04-13 02:04:21,-1,1, 66:35:F4:91:2D:B1,,,,,,,,,
14:AC:60:38:BB:F1, 2025-04-13 01:59:27, 2025-04-13 01:59:27,-80,1, (not associated) ,,,,,,,,,
2C:A7:EF:A0:8E:CF, 2025-04-13 01:58:18, 2025-04-13 01:58:18,-78,1, (not associated) ,,,,,,,,,
FA:DE:30:B2:F7:94, 2025-04-13 01:54:54, 2025-04-13 01:54:54,-80,2, (not associated) ,Broo,,,,,,,,
CE:8C:5D:90:F9:06, 2025-04-13 01:54:19, 2025-04-13 01:54:19,-72,1, (not associated) ,,,,,,,,,
D0:49:7C:8F:B5:68, 2025-04-13 01:52:52, 2025-04-13 01:52:53,-80,2, (not associated) ,,,,,,,,,
E6:17:E4:BE:C2:19, 2025-04-13 01:51:18, 2025-04-13 01:51:18,-74,1, (not associated) ,,,,,,,,,
BC:F7:30:A4:F3:77, 2025-04-13 01:49:03, 2025-04-13 01:49:03,-82,1, (not associated) ,,,,,,,,,
1E:87:C4:67:C0:0D, 2025-04-13 01:48:26, 2025-04-13 01:48:26,-76,1, (not associated) ,,,,,,,,,
DE:42:8F:45:0C:41, 2025-04-13 01:46:13, 2025-04-13 01:46:13,-74,3, (not associated) ,,,,,,,,,
08:02:3C:5D:06:72, 2025-04-13 01:46:04, 2025-04-13 01:46:04,-80,1, (not associated) ,,,,,,,,,
42:20:46:17:C5:62, 2025-04-13 01:45:37, 2025-04-13 01:45:37,-58,2, (not associated) ,,,,,,,,,
8E:03:C8:4B:FA:CA, 2025-04-13 01:44:13, 2025-04-13 01:44:13,-78,3, (not associated) ,,,,,,,,,
76:43:59:C8:88:30, 2025-04-13 01:43:25, 2025-04-13 01:43:25,-80,1, (not associated) ,,,,,,,,,
2C:BE:EB:35:DC:93, 2025-04-13 01:42:17, 2025-04-13 01:42:17,-74,2, 20:23:51:A6:2B:78,,,,,,,,,
50:EB:71:D8:8D:D5, 2025-04-13 01:41:53, 2025-04-13 01:41:53,-76,2, (not associated) ,,,,,,,,,
7A:E4:6D:55:5D:84, 2025-04-13 01:42:21, 2025-04-13 01:42:21,-68,1, (not associated) ,,,,,,,,,
D2:8A:BE:D2:0E:E9, 2025-04-13 01:42:43, 2025-04-13 01:42:43,-80,1, (not associated) ,,,,,,,,,
DE:4A:68:E9:1C:7C, 2025-04-13 01:42:58, 2025-04-13 01:42:58,-46,1, (not associated) ,,,,,,,,,
08:02:3C:93:4F:E0, 2025-04-13 01:44:22, 2025-04-13 01:44:22,-72,2, (not associated) ,,,,,,,,,
2C:9D:65:02:41:99, 2025-04-13 01:44:22, 2025-04-13 01:44:22,-1,3, 40:AE:30:56:31:96,,,,,,,,,
92:9A:E5:96:CD:AD, 2025-04-13 01:45:09, 2025-04-13 01:45:09,-40,2, (not associated) ,,,,,,,,,
12:8C:3F:9A:35:F6, 2025-04-13 01:45:23, 2025-04-13 01:45:23,-78,1, (not associated) ,,,,,,,,,
3E:E4:CD:46:CA:16, 2025-04-13 01:47:09, 2025-04-13 01:47:09,-38,2, (not associated) ,,,,,,,,,
BA:35:1B:C1:C6:31, 2025-04-13 01:47:43, 2025-04-13 01:47:43,-78,1, (not associated) ,,,,,,,,,
3E:5E:18:5C:7B:C7, 2025-04-13 01:47:43, 2025-04-13 01:47:43,-76,2, (not associated) ,,,,,,,,,
FE:A0:E2:6A:64:70, 2025-04-13 01:48:43, 2025-04-13 01:48:43,-70,2, (not associated) ,Amity-wifi,,,,,,,,
6A:AF:D0:68:93:18, 2025-04-13 01:49:09, 2025-04-13 01:49:09,-40,2, (not associated) ,,,,,,,,,
22:A5:89:6A:2D:7B, 2025-04-13 01:50:32, 2025-04-13 01:50:32,-80,1, (not associated) ,,,,,,,,,
76:DD:13:13:3D:51, 2025-04-13 01:51:07, 2025-04-13 01:51:07,-80,1, (not associated) ,,,,,,,,,
66:D4:6C:BD:79:17, 2025-04-13 01:53:34, 2025-04-13 01:53:34,-76,1, (not associated) ,,,,,,,,,
7A:95:A9:ED:26:DA, 2025-04-13 02:01:23, 2025-04-13 02:01:23,-76,1, (not associated) ,,,,,,,,,
F6:88:F3:1E:FC:25, 2025-04-13 02:04:34, 2025-04-13 02:04:34,-68,2, (not associated) ,,,,,,,,,
40:E9:9B:25:F3:7C, 2025-04-13 02:07:52, 2025-04-13 02:07:52,-78,1, (not associated) ,,,,,,,,,
82:0C:A1:28:F5:55, 2025-04-13 02:09:04, 2025-04-13 02:09:04,-80,1, (not associated) ,,,,,,,,,
3E:EF:6F:E8:A2:53, 2025-04-13 02:09:23, 2025-04-13 02:09:23,-80,1, (not associated) ,,,,,,,,,
7E:7C:AC:1F:63:BD, 2025-04-13 02:10:36, 2025-04-13 02:10:36,-80,1, (not associated) ,,,,,,,,,
52:C8:E5:EC:47:B8, 2025-04-13 02:11:36, 2025-04-13 02:11:36,-78,1, (not associated) ,,,,,,,,,
D0:39:57:21:99:AF, 2025-04-13 02:11:40, 2025-04-13 02:11:40,-76,2, (not associated) ,,,,,,,,,
C4:75:AB:BB:24:39, 2025-04-13 02:04:29, 2025-04-13 02:14:49,-78,2, D8:44:89:D5:03:F6,Amity-wifi,,,,,,,,
18:AB:1D:FD:82:C3, 2025-04-13 02:15:27, 2025-04-13 02:15:27,-84,1, D8:44:89:D4:FB:38,,,,,,,,,
50:5A:65:B9:23:D5, 2025-04-13 02:15:57, 2025-04-13 02:16:01,-82,5, (not associated) ,SS OnePlus Nord CE3 5G,,,,,,,,
F4:BB:C7:66:F2:DA, 2025-04-13 01:42:49, 2025-04-13 02:16:25,-80,3, 40:AE:30:56:30:90,,,,,,,,,
EA:1F:C2:F5:D3:F3, 2025-04-13 02:16:27, 2025-04-13 02:16:27,-80,1, (not associated) ,,,,,,,,,
56:BC:0A:BD:5D:04, 2025-04-13 02:16:28, 2025-04-13 02:16:28,-74,1, (not associated) ,,,,,,,,,
8A:54:50:00:B8:24, 2025-04-13 02:17:14, 2025-04-13 02:17:14,-74,1, (not associated) ,,,,,,,,,
B6:A4:F7:53:D2:04, 2025-04-13 02:18:05, 2025-04-13 02:18:05,-84,1, (not associated) ,,,,,,,,,
54:6C:EB:BD:D9:C2, 2025-04-13 01:43:56, 2025-04-13 02:18:01,-76,6, (not associated) ,Amity-wifi,,,,,,,,
96:EF:C5:A4:2B:B3, 2025-04-13 02:18:12, 2025-04-13 02:18:12,-84,1, (not associated) ,,,,,,,,,
86:12:B5:47:84:DE, 2025-04-13 02:18:29, 2025-04-13 02:18:29,-72,1, (not associated) ,,,,,,,,,
B6:A3:30:17:73:F1, 2025-04-13 02:20:14, 2025-04-13 02:20:14,-78,1, (not associated) ,,,,,,,,,
40:9F:28:41:78:32, 2025-04-13 01:47:07, 2025-04-13 02:20:29,-82,6, (not associated) ,,,,,,,,,
46:55:3E:39:84:97, 2025-04-13 02:21:51, 2025-04-13 02:21:51,-78,1, (not associated) ,,,,,,,,,
D4:6A:6A:BA:59:DD, 2025-04-13 02:22:16, 2025-04-13 02:22:16,-40,2, (not associated) ,,,,,,,,,
FA:AA:BE:21:CD:15, 2025-04-13 02:23:18, 2025-04-13 02:23:18,-36,2, (not associated) ,,,,,,,,,
6C:24:A6:0D:CB:DD, 2025-04-13 02:15:43, 2025-04-13 02:23:52,-76,2, (not associated) ,,,,,,,,,
5A:11:52:D7:A5:DA, 2025-04-13 01:42:34, 2025-04-13 02:24:52,-80,3, (not associated) ,,,,,,,,,
8E:FD:C9:D9:67:B7, 2025-04-13 02:24:52, 2025-04-13 02:24:52,-78,1, (not associated) ,,,,,,,,,
2E:F2:A4:86:B7:0B, 2025-04-13 02:25:18, 2025-04-13 02:25:18,-42,4, (not associated) ,,,,,,,,,
10:6F:D9:0B:3E:75, 2025-04-13 02:26:13, 2025-04-13 02:26:14,-84,2, (not associated) ,,,,,,,,,
06:A5:09:40:23:34, 2025-04-13 02:27:15, 2025-04-13 02:27:15,-84,1, (not associated) ,,,,,,,,,
4C:49:6C:6D:73:15, 2025-04-13 01:55:38, 2025-04-13 02:27:14,-74,6, (not associated) ,A R M,,,,,,,,
A6:40:20:EA:64:5B, 2025-04-13 02:27:18, 2025-04-13 02:27:19,-40,3, (not associated) ,,,,,,,,,
2E:69:D1:44:FE:BA, 2025-04-13 02:28:03, 2025-04-13 02:28:03,-82,1, (not associated) ,,,,,,,,,
0C:7A:15:1D:89:18, 2025-04-13 02:15:10, 2025-04-13 02:28:42,-72,3, (not associated) ,Amity-wifi,,,,,,,,
F6:84:32:FD:03:E4, 2025-04-13 02:29:19, 2025-04-13 02:29:19,-78,1, (not associated) ,,,,,,,,,
54:0E:2D:90:B6:3B, 2025-04-13 01:43:22, 2025-04-13 02:29:29,-78,61, D8:44:89:D4:FA:6C,,,,,,,,,
AA:4F:43:76:9A:55, 2025-04-13 02:29:40, 2025-04-13 02:29:40,-46,2, (not associated) ,,,,,,,,,
DC:1B:A1:4C:D8:D5, 2025-04-13 02:04:27, 2025-04-13 02:29:51,-72,4, (not associated) ,Amity-wifi,,,,,,,,
96:68:5B:98:85:97, 2025-04-13 02:33:19, 2025-04-13 02:33:19,-76,1, (not associated) ,,,,,,,,,
0A:58:EB:1B:6B:DC, 2025-04-13 02:34:40, 2025-04-13 02:34:40,-76,1, (not associated) ,,,,,,,,,
0E:FD:73:41:7E:00, 2025-04-13 02:34:43, 2025-04-13 02:34:43,-76,1, (not associated) ,,,,,,,,,
0A:23:45:17:94:21, 2025-04-13 02:34:52, 2025-04-13 02:34:52,-68,1, (not associated) ,,,,,,,,,
14:13:33:73:5E:FF, 2025-04-13 02:16:37, 2025-04-13 02:35:30,-78,4, (not associated) ,,,,,,,,,
9A:A4:81:D2:BA:4A, 2025-04-13 02:35:30, 2025-04-13 02:35:30,-78,1, (not associated) ,,,,,,,,,
62:47:B4:57:A2:2D, 2025-04-13 01:42:04, 2025-04-13 02:37:04,-82,856, 02:12:36:B9:75:4F,,,,,,,,,
48:E7:DA:5B:DB:43, 2025-04-13 01:42:38, 2025-04-13 02:36:47,-76,284, (not associated) ,,,,,,,,,
14:D4:24:16:FA:81, 2025-04-13 01:41:49, 2025-04-13 02:36:17,-76,430, 1E:62:00:AE:58:50,,,,,,,,,
8C:C8:4B:E4:EE:89, 2025-04-13 01:41:49, 2025-04-13 02:36:12,-74,94, D8:44:89:D5:03:F6,,,,,,,,,
10:A5:1D:5A:2D:D7, 2025-04-13 01:48:59, 2025-04-13 02:36:56,-64,21, 20:23:51:A6:2B:E8,Amity-wifi,,,,,,,,
74:33:57:83:FE:31, 2025-04-13 02:37:04, 2025-04-13 02:37:04,-80,1, (not associated) ,,,,,,,,,
